GRAPH,TAG,NORM,freq,
à base de,ADP,,
à bon droit,ADV,,
à bord,ADV,,
à bord de,ADP,,
à bout de,ADP,,
à bout de force,ADJ,,
à bout portant,ADV,,
à brûle-pourpoint,ADV,,
a capella,ADV,,
a cappella,ADV,,
à cause de,ADP,,
à cet égard,ADP,,
à chaque fois,ADV,,
à chaque fois que,SCONJ,,
à cloche-pied,ADV,,
à compter de,ADP,,
à condition de,ADP,,
a contrario,ADV,,
à côté de,ADP,,
à coup de,ADP,,
à coup sûr,ADV,,
à défaut de,ADP,,
à des degrés divers,ADV,,
à dessein de,ADP,,
à destination de,ADP,,
à fin de,ADP,,
à fond,ADV,,
à fond,ADV,,
à force de,ADP,,
a fortiori,ADV,,
à fortiori,ADV,,
a giorno,ADV,,
à giorno,ADV,,
à glagla,ADV,,
à grand renfort de,ADP,,
à haute voix,ADV,,
à jeun,ADV,,
à jeun,ADV,,
à juste titre,ADV,,
à l'autre bout de,ADP,,
à l'aveuglette,ADV,,
à l'aveuglette,ADV,,
à l'égard de,ADP,,
à l'encan,ADV,,
à l'encan,ADV,,
à l'envi,ADV,,
à l'envi,ADV,,
à l'improviste,ADV,,
à l'improviste,ADV,,
à l'instant même,ADV,,
à l'adresse de,ADP,,
à l'aide de,ADP,,
à l'appui de,ADP,,
à l'aulne de,ADP,,
à l'aune de,ADP,,
à l'avenant,ADP,,
à l'effet de,ADP,,
à l'égal de,ADP,,
à l'égard de,ADP,,
à l'encontre,ADP,,
à l'endroit de,ADP,,
à l'entour de,ADP,,
à l'épreuve de,ADP,,
à l'exemple de,ADP,,
à l'extérieur de,ADP,,
à l'imitation de,ADP,,
à l'instant,ADV,,
à l'instar de,ADP,,
à l'intérieur de,ADP,,
à l'ombre de,ADP,,
à l'opposé de,ADP,,
à l'unisson,ADP,,
à la condition de,ADP,,
à la fois,ADV,,
à la longue,ADV,,
à la lumière de,ADP,,
à la mémoire de,ADP,,
à la place de,ADP,,
à la réserve de,ADP,,
à la saint-glinglin,ADV,,
à la sortie de,ADP,,
à la suite de,ADP,,
à la vue de,ADP,,
à la zeub,ADP,,
à leur encontre,ADV,,
à long terme,ADV,,
à lurelure,ADV,,
à mon encontre,ADV,,
angle aigu,NOUN,,
angle obtus,NOUN,,
à notre encontre,ADV,,
à nouveau,ADV,,
à NUM fois,ADV,,
à part,ADP,,
à part ça,ADP,,
à partir de,ADP,,
à partir de là,ADP,,
à peine,ADV,,
à peine de,ADP,,
à perte de vue,ADV,,
à peu près,ADV,,
a posteriori,ADV,,
à posteriori,ADV,a posteriori,
à présent,ADV,,
a priori,ADV,,
à priori,ADV,a priori,
à propos de,ADP,,
à proprement parler,ADV,,
à quoi bon,ADVint,,
à raison de,ADP,,
à ras,ADJ,,
à ras bord,ADV,,
à rebours,ADV,,
à rebours de,ADP,,
à rebrousse-poil,ADV,,
à sens unique,ADV,,
à son encontre,ADV,,
à tâtons,ADV,,
à terme,ADP,,
à tire-larigot,ADV,,
à titre de,ADP,,
à ton encontre,ADV,,
à touche-touche,ADV,,
à travers,ADP,,
à tue-tête,ADV,,
à valeurs dans,ADP,,
à voix basse,ADV,,
à voix haute,ADV,,
à votre encontre,ADV,,
à vrai dire,ADV,,
au bas,ADV,,
au bas de,ADP,,
au beau milieu de,ADP,,
au bord de,ADP,,
au bout de,ADP,,
au cas où,SCONJ,,
au contraire,ADV,,
au contraire de,ADP,,
au cours de,ADP,,
au delà,ADVsit,au-delà,
au-delà,ADV,,
au dépourvu,ADV,,
au détriment de,ADP,,
au droit de,ADP,,
au fur et à mesure,ADV,,
au lieu de,ADP,,
au lieu et place de,ADP,,
au milieu de,ADP,,
au moins,ADV,,
au moment de,ADP,,
au moment où,ADP,,
au moyen de,ADP,,
au moyen des,ADP,au moyen de,
au moyen desquels,ADP,au moyen de,
au moyen duquel,ADP,au moyen de,
au niveau de,ADP,,
au nom de,ADP,,
au préalable,ADV,,
au préjudice de,ADP,,
au premier chef,ADV,,
au premier abord,ADV,,
au prétexte de,ADP,,
au prix de,ADP,,
au ras de,ADP,,
au rebours de,ADP,,
au regard de,ADP,,
au risque de,ADP,,
au sein de,ADP,,
au sens étroit,ADV,,
au sens figuré,ADV,,
au sens large,ADV,,
au sens propre,ADV,,
au sortir de,ADP,,
au spectacle de,ADP,,
au sujet de,ADP,,
au temps de,ADP,,
au travers,ADP,à travers,
au travers de,ADP,,
au vu de,ADP,,
au vu et au su de,ADP,,
au vu et su de,ADP,,
autrement dit,ADVconj,,
autrement dire,ADVconj,autrement dit,
aux aguets,ADV,,
aux dépens de,ADP,,
aux fins de,ADP,,
aux lieu et place de,ADP,,
aux portes de,ADP,,
aux yeux de,ADP,,
académie des sciences,NOUN,Académie des Sciences,
Académie des Sciences,NOUN,,
académie des sciences morales,NOUN,Académie des Sciences morales et politiques,
Académie des Sciences morales,NOUN,Académie des Sciences morales et politiques,
académie des sciences morales et politiques,NOUN,Académie des Sciences morales et politiques,
Académie des Sciences morales et politiques,NOUN,,
acid jazz,NOUN,,
acte sexuel,NOUN,,
actes sexuels,NOUN,acte sexuel,
action painting,NOUN,,
ad hoc,ADJ,,
administrateur général,NOUN,,
affaires étrangères,NOUN,Affaires étrangères,
Affaires étrangères,NOUN,,
afin de,ADP,,
afin que,SCONJ,,
after shave,NOUN,,
agent de change,NOUN,,
agents de change,NOUN,,
agnus dei,NOUN,,
aide de camp,NOUN,,
air bag,NOUN,,
aller aller,INTJ,,
aller droit,VERB,,
aller de soi,VERB,,
allez allez,INTJ,,
allons allons,INTJ,,
alors que,CCONJ,,
alter ego,NOUN,,
Altesse Royale,NOUN,,
amour propre,NOUN,,
appareil photo,NOUN,,
après que,SCONJ,,
argent de poche,NOUN,,
arrêt maladie,NOUN,,
arrière-train,NOUN,,
assemblée générale,NOUN,,
au-dedans de,ADP,,
au-dessous de,ADP,,
aujourd'hui,ADVconj,,
au premier abord,ADV,,
auprès de,ADP,,
auquel cas,CCONJ,,
au point de vue,ADV,,
au sens strict,ADV,,
aussi peu que,ADP,,
autour de,ADP,,
autre chose,NOUN,,
autre part,ADV,,
autrement dit,ADVconj,,
av. J.-C.,NUM,,
avant J.-C.,NOUN,av. J.-C.,
avant de,ADP,,
avant même que,SCONJ,,
avant que,SCONJ,,
avant que de,ADP,,
avocat général,NOUN,,
avoir l'air,VERB,,
avoir lieu,VERB,,
ayants droit,NOUN,,
back up,NOUN,,
bain de mer,NOUN,,
bains de mer,NOUN,,
bande à part,NOUN,,
bas de page,NOUN,,
bas ventre,NOUN,bas-ventre,
bas-ventre,NOUN,,
beat generation,NOUN,,
beau fils,NOUN,beau-fils,
beau frère,NOUN,beau-frère,
beau père,NOUN,beau-père,
beau temps,NOUN,,
beaucoup de,DETind,,
beaux esprits,NOUN,bel esprit,
bec de gaz,NOUN,,
becs de gaz,NOUN,,
bel canto,NOUN,,
bel esprit,NOUN,,
belle fille,NOUN,belle-fille,
belle lurette,NOUN,,
belle mère,NOUN,belle-mère,
belle sœur,NOUN,belle-sœur,
best of,NOUN,,
bien entendu,ADV,,
bien loin de,ADP,,
bien sûr,ADV,,
big band,NOUN,,
big bang,NOUN,,
birth control,NOUN,,
bla bla,NOUN,,
bloody mary,NOUN,,
blouson de cuir,NOUN,,
blue jeans,NOUN,,
blue note,NOUN,,
boîte aux lettres,NOUN,,
bombe atomique,NOUN,,
bon cœur,NOUN,,
bon Dieu,INTJ,,
bon goût,NOUN,,
bon gré,NOUN,,
bon gré mal gré,ADV,,
bon marché,ADJ,,
bon point,NOUN,,
bon sens,NOUN,,
bon vieux temps,NOUN,,
bonne conscience,NOUN,,
bonne femme,NOUN,,
bonne foi,NOUN,,
bonne fortune,NOUN,,
bonne humeur,NOUN,,
bonne manière,NOUN,,
bonne part,NOUN,,
bonne volonté,NOUN,,
bonnes volontés,NOUN,bonne volonté,
bonnes gens,NOUN,,
bordel de merde,INTJ,,
bouche bée,NOUN,,
bouton d'or,NOUN,,
bras dessus bras dessous,ADV,,
brown sugar,NOUN,,
bubble gum,NOUN,,
buen retiro,NOUN,,
Bureau international d'Éducation,NOUN,BIE,
Bureau international d'Education,NOUN,BIE,
Bureau international d'éducation,NOUN,BIE,
by night,ADJ,,
c'est-à-dire,ADVconj,c'est-à-dire,
c'est à dire,ADVconj,c'est-à-dire,
cabinet de toilette,NOUN,,
cadre général,NOUN,,
café au lait,NOUN,,
cage d'escalier,NOUN,,
call girl,NOUN,,
call girls,NOUN,,
canadian river,NOUN,,
caput mortuum,NOUN,,
carte postale,NOUN,,
cartes postales,NOUN,carte postale,
cas limite,NOUN,,
cas général,NOUN,,
cas particulier,NOUN,,
cas particuliers,NOUN,cas particulier,
casus belli,NOUN,,
cause finale,NOUN,,
causes finales,NOUN,cause finale,
cela supposé,ADP,,
celle ci,PRONdem,celle-ci,
celle là,PRONdem,celle-là,
celle-ci,PRONdem,,
celle-là,PRONdem,,
celui ci,PRONdem,celui-ci,
celui là,PRONdem,celui-là,
celui-ci,PRONdem,,
celui-là,PRONdem,,
centrale nucléaire,NOUN,,
centrales nucléaires,NOUN,centrale nucléaire,
cependant que,SCONJ,,
c'est-à-dire,NOUN,,
cette fois ci,ADVconj,,
cette fois là,ADVconj,,
cette fois où,CCONJ,,
cette fois-ci,PRONdem,cette fois ci,
cette fois-là,PRONdem,cette fois ci,
ceux ci,PRONdem,ceux-ci,
ceux là,PRONdem,ceux-là,
chambre à coucher,NOUN,,
Chambre des députés,NOUN,,
champ de bataille,NOUN,,
chapeau haut de forme,NOUN,,
chaque fois,ADV,,
chaque fois que,SCONJ,,
check up,NOUN,,
chef d'entreprise,NOUN,,
chef d'État,NOUN,,
chef d'état,NOUN,chef d'État,
chef de l'État,NOUN,chef d'État,
chefs d'État,NOUN,chef d'État,
chefs d'état,NOUN,chefs d'État,
chefs de l'État,NOUN,chefs d'État,
chef d'oeuvre,NOUN,chef-d'œuvre,
chef d'œuvre,NOUN,chef-d'œuvre,
chef-d'oeuvre,NOUN,chef-d'œuvre,
chef-d'œuvre,NOUN,,
chefs d'oeuvre,NOUN,chef-d'œuvre,
chefs d'œuvre,NOUN,chef-d'œuvre,
chefs-d'oeuvre,NOUN,chef-d'œuvre,
chefs-d'œuvre,NOUN,chef-d'œuvre,
chemin de fer,NOUN,,
chemin de fer d'intérêt local,NOUN,,
chemins de fer,NOUN,chemin de fer,
chemise de nuit,NOUN,,
chewing gum,NOUN,,
chien de fusil,NOUN,,
chop suey,NOUN,,
chute libre,NOUN,,
citizen band,NOUN,,
clair de lune,NOUN,,
clin d'œil,NOUN,,
coffee shop,NOUN,,
coin de l'oeil,NOUN,,
coin de l'œil,NOUN,,
comic book,NOUN,,
comic books,NOUN,,
commedia dell'arte,NOUN,,
compte tenu de,ADP,,
conférence de presse,NOUN,,
Conférence internationale,NOUN,,
conférence nternationale,NOUN,Conférence internationale,
conformément à,ADP,,
connaissance de cause,NOUN,,
conscience morale,NOUN,,
conseil d'administration,NOUN,,
Conseil d'État,NOUN,,
conseil d'Etat,NOUN,Conseil d'État,
conseil d'etat,NOUN,Conseil d'État,
conseil d'état,NOUN,Conseil d'État,
conseil général,NOUN,,
conseiller général,NOUN,,
conséquemment à,ADP,,
contrairement à,ADP,,
corn flakes,NOUN,,
corps de garde,NOUN,,
côte à côte,ADV,,
coup d'épée,NOUN,,
coup d'oeil,NOUN,,
coup d'œil,NOUN,,
coup de balai,NOUN,,
coup de bâton,NOUN,,
coup de feu,NOUN,,
coup de foudre,NOUN,,
coup de fil,NOUN,,
coup de fusil,NOUN,,
coup de main,NOUN,,
coup de pied,NOUN,,
coup de pistolet,NOUN,,
coup de poing,NOUN,,
coup de vent,NOUN,,
coup sur coup,ADV,,
coups d'épée,NOUN,,
coups d'oeil,NOUN,,
coups d'œil,NOUN,,
coups de balai,NOUN,coup de balai,
coups de bâton,NOUN,coup de bâton,
coups de feu,NOUN,,
coups de fusil,NOUN,coup de fusil,
coups de main,NOUN,,
coups de pied,NOUN,,
coups de pistolet,NOUN,,
coups de poings,NOUN,,
coups de vent,NOUN,,
coups et blessures,NOUN,,
coups et blessures aggravés,NOUN,,
cour d'assises,NOUN,,
courrier électronique,NOUN,,
cri de joie,NOUN,,
critique d'art,NOUN,,
culture générale,NOUN,,
curriculum vitae,NOUN,,
d'abord,ADVconj,,
d'accord,ADVconj,,
d'ailleurs,ADV,,
d'autant que,CCONJ,,
d'autre part,ADVconj,,
d'autres,PRONind,,
d'emblée,ADV,,
d'ordre général,ADJ,,
d'ores et déjà,ADVconj,,
d'un autre côté,ADP,,
d'un seul coup,ADVconj,,
d'une part,ADVconj,,
d'après,ADP,,
d'au milieu de,ADP,,
d'avec,ADP,,
d'entre,ADP,,
dame patronnesse,NOUN,,
dames patronnesses,NOUN,,
dans l'optique de,ADP,,
dans la crainte de,ADP,,
dans la merde,ADV,,
dans une certaine mesure,ADV,,
dans une large mesure,ADV,,
dans la mesure où,ADVconj,,
dans la plupart des cas,ADV,,
dans le moment où,ADP,,
dans le moment que,ADP,,
dans le viseur de,ADP,,
dans l'état actuel,ADVconj,,
dare dare,ADV,,
de amicis,NOUN,,
de auditu,ADV,,
de bon cœur,ADV,,
de bonne heure,ADVasp,,
de crainte de,ADP,,
de façon à,ADP,,
de façon générale,ADV,,
de facto,ADV,,
de guingois,ADV,,
de haut en bas,ADV,,
de la part de,ADP,,
de la manière suivante,ADV,,
de long en large,ADV,,
de manière à,ADP,,
de manière générale,ADV,,
de même,ADV,,
de même que,CCONJ,,
demi-siècle,NOUN,,
demi siècle,NOUN,demi-siècle,
demi-siècles,NOUN,demi-siècle,
demi siècles,NOUN,demi-siècles,
de mon côté,ADP,,
de niveau avec,ADP,,
de nouveau,ADV,,
de par,ADP,,
de parmi,ADP,,
de peur de,ADP,,
de plano,ADV,,
de plein gré,ADV,,
de plus,ADVconj,,
de plus en plus,ADV,,
de préférence à,ADP,,
de prime abord,ADV,,
de profundis,NOUN,,
de santis,NOUN,,
de sorte que,SCONJ,,
de temps en temps,ADVasp,,
de toutes parts,ADV,,
de traviole,ADV,,
de visu,ADV,,
défense de,ADP,,
défini sur,ADP,,
delirium tremens,NOUN,,
demander pardon,VERB,,
dernier soupir,NOUN,,
des fois que,SCONJ,,
dès lors,ADVconj,,
dès lors que,SCONJ,,
dès que,SCONJ,,
deus ex machina,NOUN,,
deux fois,ADVconj,,
deux fois par an,ADV,,
deux fois par mois,ADV,,
deux fois par semaine,ADV,,
devant notaire,ADP,,
devoir dire,VERB,,
dies irae,NOUN,,
Dieu sait,ADP,,
dîner en ville,NOUN,,
directeur général,NOUN,,
direction générale,NOUN,,
disque dur,NOUN,,
donner lieu,VERB,,
donner l'ordre,VERB,,
donner l'impression,VERB,,
donner la main,VERB,,
drelin drelin,INTJ,,
droit d'ainesse,NOUN,,
droits de l'homme,NOUN,,
Droits de l'homme,NOUN,droits de l'homme,
du côté de,ADP,,
du fait même que,SCONJ,,
du fait que,SCONJ,,
du fond du cœur,ADV,,
du haut en bas,ADV,,
du même coup,ADP,,
du milieu de,ADP,,
d'une manière générale,ADV,,
du point de vue,ADV,,
du reste,ADVconj,,
du seul fait que,SCONJ,,
du tac au tac,ADV,,
du temps que,ADP,,
du vivant de,ADP,,
eau minérale,NOUN,,
ecce homo,ADV,,
éclat de rire,NOUN,,
éclater de rire,VERB,,
éclats de rire,NOUN,éclat de rire,
École polytechnique,NOUN,École Polytechnique,
École Polytechnique,NOUN,,
école primaire,NOUN,,
écoles primaires,NOUN,école primaire,
États-Unis d'Amérique,NOUN,USA,
empreinte digitale,NOUN,,
empreintes digitales,NOUN,empreinte digitale,
en amont de,ADP,,
en apparence,ADVconj,,
en arrière,ADV,,
en arrière de,ADP,,
en aval de,ADP,,
en avant de,ADP,,
en bas,ADV,,
en bonne voie,ADV,,
en catimini,ADV,,
en ce qui concerne,ADP,,
en compagnie de,ADP,,
en comparaison de,ADP,,
en conformité de,ADP,,
en connaissance de cause,ADV,,
en conséquence de,ADP,,
en considération de,ADP,,
en cours de route,ADV,,
en d'autres termes,ADVconj,,
en deçà,ADV,,
en deçà de,ADP,,
en définitive,ADV,,
en dehors de,ADVconj,,
en dernier lieu,ADVconj,,
en dépit de,ADP,,
en dessous,ADP,,
en effet,ADVconj,,
en exécution de,ADP,,
en face,ADV,,
en face de,ADP,,
en fait de,ADP,,
en faveur de,ADV,,
en filigrane,ADV,,
en fin de compte,ADV,,
en fonction de,ADP,,
# en forme,ADV, # je m'en forme une idée,
en forme de,ADP,,
en friche,ADJ,,
en général,ADV,,
en grande partie,ADV,,
en guise de,ADP,,
en haut,ADV,,
en lieu et place de,ADP,,
en loucedé,ADV,,
en marge,ADV,,
en marge de,ADP,,
en matière de,ADP,,
en même temps,ADV,,
en même temps que,ADP,,
en mémoire de,ADP,,
en ordre inverse,ADV,,
en outre,ADVconj,,
en partant,ADV,,
en particulier,ADV,,
en passant,ADV,,
en passe de,ADP,,
en permanence,ADV,,
en plein,ADV,,
en pleine,ADV,en plein,
en plein essor,ADV,,
en plein jour,ADV,,
en pleine connaissance de cause,ADV,,
en premier lieu,ADVconj,,
en présence,ADV,,
en présence de,ADP,,
en proie à,ADP,,
en quelque sorte,ADV,,
en raison de,ADP,,
en réalité,ADVconj,,
en regard de,ADP,,
en retour,ADV,,
en revanche,ADVconj,,
en second lieu,ADVconj,,
en sens contraire,ADV,,
en sorte que,SCONJ,,
en soi,ADV,,
en somme,ADVconj,,
en sus,ADV,,
en sus de,ADP,,
en tapinois,ADV,,
en tant que,CCONJ,,
en terme de,ADP,,
en tous cas,ADVconj,,
en train de,ADV,,
en troisième lieu,ADVconj,,
en vain,ADV,,
en vérité,ADV,,
en vertu de,ADP,,
en vigueur,ADV,,
en vue de,ADP,,
encore une fois,ADVconj,,
enfant de choeur,NOUN,enfant de chœur,
enfant de chœur,NOUN,,
enfants de choeur,NOUN,enfants de chœur,
enfants de chœur,NOUN,enfant de chœur,
en règle générale,ADV,,
enseignement primaire,NOUN,,
enseignement secondaire,NOUN,,
entenant de,ADP,,
entendre parler,VERB,,
entrer en ligne de compte,VERB,,
espèce humaine,NOUN,,
est-ce que,ADV,,
et caetera,NOUN,etc.,
et cætera,NOUN,etc.,
et cetera,NOUN,etc.,
et seq,ADV,,
étant donné,ADP,,
état civil,NOUN,,
état d'âme,NOUN,,
état d'esprit,NOUN,,
état d'exception,NOUN,,
état de choses,NOUN,,
état de fait,NOUN,,
état de grâce,NOUN,,
état de nature,NOUN,,
état de siège,NOUN,,
être parti,VERB,partir,
être partis,VERB,partir,
être partie,VERB,partir,
être parties,VERB,partir,
être tenu,VERB,être tenu,
être tenus,VERB,être tenu,
être tenue,VERB,être tenu,
être tenues,VERB,être tenu,
être vivant,NOUN,être vivant,
êtres vivants,NOUN,être vivant,
eu égard à,ADP,,
ex abrupto,ADV,,
ex nihilo,ADV,,
expérience intérieure,NOUN,,
face à,ADP,,
face à face,NOUN,,
faire abstraction,VERB,,
faire face,VERB,,
faire grief,VERB,,
faire mine,VERB,,
faire place,VERB,,
faire partie,VERB,,
faire semblant,VERB,,
fast food,NOUN,,
faute de,ADP,,
fauteuil roulant,NOUN,,
faux monnayeurs,NOUN,,
femme de chambre,NOUN,,
femmes de chambre,NOUN,femme de chambre,
five o'clock,NOUN,,
flatus vocis,NOUN,,
fond de l'âme,NOUN,,
foreign office,NOUN,,
fort bien,ADV,,
free jazz,NOUN,,
fur et à mesure,NOUN,,
garde champêtre,NOUN,,
garde du corps,NOUN,,
garde du roi,NOUN,,
garde national,NOUN,,
garde nationale,NOUN,,
gardes du corps,NOUN,garde du corps,
gardes du roi,NOUN,garde du roi,
gardes nationaux,NOUN,,
gare centrale,NOUN,,
général en chef,NOUN,,
gengis khan,NOUN,,
genre humain,NOUN,,
gens du monde,NOUN,,
géométrie projective,NOUN,,
girl friend,NOUN,,
goutte à goutte,ADV,,
gouverneur général,NOUN,,
grâce à,ADP,,
grâces à,ADP,grâce à,
grain de beauté,NOUN,,
grand chose,NOUN,grand-chose,
grand dieu,NOUN,,
grand mère,NOUN,grand-mère,
grand oncle,NOUN,grand-oncle,
grand père,NOUN,grand-père,
grand seigneur,NOUN,,
grand'chose,NOUN,grand-chose,
grand'mère,NOUN,grand-mère,
grand'père,NOUN,grand-père,
grand'tante,NOUN,,
grands dieux,NOUN,,
grands seigneurs,NOUN,grand seigneur,
gratis pro deo,ADV,,
grève générale,NOUN,,
grosso modo,ADV,,
guerre civile,NOUN,,
guerre mondiale,NOUN,,
guerres mondiales,NOUN,guerre mondiale,
happy end,NOUN,,
happy ends,NOUN,,
happy few,NOUN,,
hard edge,NOUN,,
has been,NOUN,,
haut de forme,NOUN,haut-de-forme,
haut fait,NOUN,,
haut rang,NOUN,,
haut-de-forme,NOUN,,
haute vertu,NOUN,,
hauts faits,NOUN,haut fait,
hay hay,INTJ,,
hi hi,INTJ,,
hi hi hi,INTJ,,
hi hi hi hi,INTJ,,
hic et nunc,ADV,,
high life,NOUN,,
high tech,ADJ,,
histoire naturelle,NOUN,,
hold up,NOUN,,
homme d'affaires,NOUN,,
homme d'état,NOUN,homme d'État,
homme d'État,NOUN,,
hommes d'état,NOUN,homme d'État,
hommes d'État,NOUN,homme d'État,
homo erectus,NOUN,,
homo habilis,NOUN,,
hong kong,NOUN,,
honnête homme,NOUN,,
honnêtes gens,NOUN,,
honoris causa,ADV,,
hors de,ADP,,
hot dog,NOUN,,
hot dogs,NOUN,,
hôtel de police,NOUN,,
hôtel de ville,NOUN,,
house music,NOUN,,
il était une fois,ADV,,
il être possible que,ADP,,
il n'empêche que,ADP,,
il n'en reste pas moins que,ADP,,
il pourrait bien se faire que,ADP,,
il se pourrait que,ADP,,
il serait possible que,ADP,,
il y a,VERB,il y a,
il y avoir,VERB,il y a,
il y avait,VERB,il y a,
il y aura,VERB,il y a,
il y a eut,VERB,il y a,
il y eut,VERB,il y a,
in absentia,ADV,,
in abstracto,ADV,,
in anima vili,ADV,,
in cauda venenum,ADV,,
in extenso,ADV,,
in extremis,ADV,,
in illo tempore,ADP,,
in memoriam,ADV,,
in pace,NOUN,,
in petto,ADV,,
in utero,ADV,,
in utero,ADJ,,
in vino veritas,ADV,,
in vitro,ADV,,
in vitro,ADJ,,
in vivo,ADV,,
inspecteur de police,NOUN,,
instruction publique,NOUN,,
intérêt général,NOUN,,
intra muros,ADV,,
invisible piston,NOUN,,
ipso facto,ADV,,
irish coffee,NOUN,,
ite missa est,NOUN,,
jet society,NOUN,,
jouer le rôle de,VERB,,
jouer un rôle,VERB,,
jour après jour,ADV,,
jour de l'an,NOUN,,
juge d'instruction,NOUN,,
juge de paix,NOUN,,
jusqu'à ce que,SCONJ,,
jusqu'à la fin,ADP,,
jusqu'à nouvel ordre,ADV,,
jusqu'au bout,ADV,,
jusqu'ici,ADV,,
jusques à,ADP,,
jusques et y compris,ADP,,
juste ciel,NOUN,,
juste ciel,INTJ,,
Juste ciel,INTJ,,
justice distributive,NOUN,,
justice rétributive,NOUN,,
kung fu,NOUN,,
kyrie eleison,NOUN,,
l'un,PRONind,,
l'une,PRONind,,
l'autre,PRONind,,
la fois où,SCONJ,,
la mienne,PRONprs,,
langue française,NOUN,,
la plata,NOUN,,
la plupart,PRONind,,
la plupart de,DETind,,
la première fois,ADV,,
la sienne,PRONprs,,
la tienne,PRONprs,,
lacryma christi,NOUN,,
laisser passer,VERB,,
laisser tomber,VERB,,
langue vivante,NOUN,,
le diable soit de,ADP,,
le long de,ADP,,
le long des,ADP,,
le mien,PRONprs,,
le moment venu,ADVconj,,
le nôtre,PRONprs,,
le sien,PRONprs,,
le tien,PRONprs,,
le vôtre,PRONprs,,
légion d'honneur,NOUN,,
les fois où,SCONJ,,
les fois que,SCONJ,,
les miennes,PRONprs,,
les miens,PRONprs,,
les nôtres,PRONprs,,
les siennes,PRONprs,,
les siens,PRONprs,,
les tiennes,PRONprs,,
les tiens,PRONprs,,
les vôtres,PRONprs,,
libre arbitre,NOUN,,
lieutenant de police,NOUN,,
ligne de compte,NOUN,,
lieu-commun,NOUN,lieu commun,
lieu commun,NOUN,,
lieux communs,NOUN,lieu commun,
lieux-communs,NOUN,lieu commun,
lit de sangle,NOUN,,
livre sterling,NOUN,,
livres de rente,NOUN,,
livres sterling,NOUN,livre sterling,
loc. cit.,NOUN,,
loc. cit,NOUN,loc. cit.,
loc cit,NOUN,loc. cit.,
loin de,ADP,,
loi naturelle,NOUN,,
loi physique,NOUN,,
lois physiques,NOUN,loi physique,
lois naturelles,NOUN,,
long terme,NOUN,,
lors de,ADP,,
lutte des classes,NOUN,,
machine à vapeur,NOUN,,
made in,ADV,,
madre de dios,NOUN,,
maison d'édition,NOUN,,
maison d'arrêt,NOUN,,
maison de campagne,NOUN,,
maison de passe,NOUN,,
maisons de passe,NOUN,,
maître d'école,NOUN,,
maître d'hôtel,NOUN,,
maître de maison,NOUN,,
maître de poste,NOUN,,
maître des requêtes,NOUN,,
maître queux,NOUN,,
maîtresse de maison,NOUN,,
mal à l'aise,ADJ,,
malade mental,NOUN,,
maladie mentale,NOUN,,
malgré tout,ADVconj,,
manque de,ADP,,
manu militari,ADV,,
marchand de vin,NOUN,,
marchands de vin,NOUN,,
maréchal des logis,NOUN,,
maréchal des logis-chef,NOUN,,
mass media,NOUN,,
mater dolorosa,NOUN,,
mauvais goût,NOUN,,
mauvais sort,NOUN,,
mauvaise conscience,NOUN,,
mauvaise foi,NOUN,,
mauvaise grâce,NOUN,,
mauvaise humeur,NOUN,,
maux de tête,NOUN,,
mea culpa,NOUN,,
M elle,NOUN,Melle,
mécanique classique,NOUN,,
melting pot,NOUN,,
même chose,NOUN,,
même quand,SCONJ,,
même si,SCONJ,,
mètres carrés,NOUN,,
mettre en doute,VERB,,
mettre en examen,VERB,,
mettre en exergue,VERB,,
mettre en forme,VERB,,
mettre en garde,VERB,,
mettre en lumière,VERB,,
mettre en œuvre,VERB,,
mettre en peine,VERB,,
mettre en question,VERB,,
mettre la table,VERB,,
mezza voce,ADV,,
middle class,NOUN,,
milk shake,NOUN,,
ministère public,NOUN,,
ministre de l'Intérieur,NOUN,,
ministre de l'intérieur,NOUN,ministre de l'Intérieur,
ministre de la guerre,NOUN,,
ministre de la justice,NOUN,,
ministre des affaires étrangères,NOUN,Ministre des Affaires étrangères,
ministre des Affaires étrangères,NOUN,Ministre des Affaires étrangères,
Ministre des Affaires étrangères,NOUN,,
ministère des affaires étrangères,NOUN,ministère des Affaires étrangères,
Ministère des Affaires étrangères,NOUN,ministère des Affaires étrangères,
ministère des Affaires étrangères,NOUN,,
ministre des finances,NOUN,ministre des Finances,
ministre des Finances,NOUN,,
minus habens,NOUN,,
mise en cause,NOUN,,
mise en forme,NOUN,,
mise en oeuvre,NOUN,mise en œuvre,
mise en œuvre,NOUN,,
mise en ordre,NOUN,,
mise en place,NOUN,,
mise en question,NOUN,,
M lle,NOUN,Melle,
mode de vie,NOUN,,
modes de vie,NOUN,mode de vie,
modern style,NOUN,,
modern style,ADJ,,
modus operandi,NOUN,,
modus vivendi,NOUN,,
mon Dieu,INTJ,,
monde entier,NOUN,,
mot d'ordre,NOUN,,
mots d'ordre,NOUN,mot d'ordre,
motu proprio,ADV,,
Moyen Age,NOUN,Moyen-Âge,
moyen age,NOUN,Moyen-Âge,
Moyen Âge,NOUN,Moyen-Âge,
moyen âge,NOUN,Moyen-Âge,
moyen-âge,NOUN,Moyen-Âge,
Moyen-Âge,NOUN,,
moyen terme,NOUN,,
music hall,NOUN,,
mutatis mutandis,ADV,,
nécessité morale,NOUN,,
nécessités morales,NOUN,nécessité morale,
n'est ce pas,INTJ,n'est-ce pas,
n'est-ce pas,ADV,,
n'est-ce pas,ADV,,
n'importe qui,PRONind,,
n'importe quoi,PRONind,,
n'empêche que,ADP,,
ne varietur,ADV,,
negro spiritual,NOUN,,
negro spirituals,NOUN,,
nerf de bœuf,NOUN,,
new wave,NOUN,,
night club,NOUN,,
nihil obstat,ADV,,
niveau de vie,NOUN,,
no man's land,NOUN,,
no man's land,NOUN,,
non content de,ADP,,
non plus que,ADP,,
non sans,ADP,,
non seulement,ADV,,
non troppo,ADV,,
nota bene,ADV,,
nulle part,ADV,,
numéro de immatriculation,NOUN,,
numéro de téléphone,NOUN,,
numerus clausus,NOUN,,
obligation morale,NOUN,,
oeuvre d'art,NOUN,,
œuvre d'art,NOUN,,
œuvre d'art,NOUN,,
œuvres d'art,NOUN,,
off the record,ADV,,
officier de la légion d'honneur,NOUN,,
Oh ! ciel,INTJ,,
olla podrida,NOUN,,
op. cit.,NOUN,,
opinion publique,NOUN,,
ordinateur de poche,NOUN,,
ordinateur portable,NOUN,,
ordre moral,NOUN,,
Organisation des Nations Unies,NOUN,ONU,
Nations Unies,NOUN,ONU,
osso buco,NOUN,,
ou bien,CCONJ,,
ouvr. cit.,NOUN,,
pan bagnat,NOUN,,
par accident,ADV,,
par ailleurs,ADV,,
par certains côtés,ADP,,
par comparaison,ADV,,
par comparaison à,ADP,par comparaison à,
par comparaison au,ADP,par comparaison à,
par comparaison aux,ADP,par comparaison à,
par conséquent,CCONJ,,
par crainte de,ADP,,
par delà,ADP,,
par derrière,NOUN,par-derrière,
par devant,NOUN,par-devant,
par-devant notaire,ADP,,
par devers,ADP,,
par dessous,NOUN,par-dessous,
par dessus,NOUN,par-dessus,
par définition,ADV,,
par écrit,ADV,,
par essence,ADV,,
par excellence,ADV,,
par exemple,ADV,,
par hasard,ADV,,
par là,ADV,,
par l'intermédiaire de,ADP,,
par manque de,ADP,,
par mégarde,ADV,,
par opposition à,ADP,par opposition à,
par opposition au,ADP,par opposition à,
par opposition aux,ADP,par opposition à,
par préférence à,ADP,par préférence à,
par préférence au,ADP,par préférence à,
par préférence aux,ADP,par préférence à,
par rapport à,ADP,par rapport à,
par rapport au,ADP,par rapport à,
par rapport aux,ADP,par rapport à,
par suite,ADVconj,,
par suite de,ADP,,
par surcroît,ADVdeg,,
parce que,SCONJ,,
parole d'honneur,NOUN,,
part time,NOUN,,
parti pris,NOUN,parti-pris,
pas plus que,ADP,,
pas plus tard que,ADP,,
paso doble,NOUN,,
pater familias,NOUN,,
pater noster,NOUN,,
pauvre diable,NOUN,,
pax americana,NOUN,,
pendant que,SCONJ,,
persona grata,ADJ,,
persona non grata,NOUN,,
peu à peu,ADV,,
peu de,DETind,,
peu de chose,NOUN,,
peu ou prou,ADV,,
photo d'identité,NOUN,,
pied de grue,NOUN,,
pied de lit,NOUN,,
pieds de haut,NOUN,,
pieds de lit,NOUN,,
pit bull,NOUN,,
plaque d'immatriculation,NOUN,,
play back,NOUN,,
plein air,NOUN,,
plus tard,ADV,,
plutôt deux fois que une,ADV,,
poignée de main,NOUN,,
poignées de main,NOUN,,
point de vue,NOUN,,
points de vue,NOUN,point de vue,
pom-pom girl,NOUN,,
pom-pom girls,NOUN,,
pomme de terre,NOUN,,
pommes de terre,NOUN,,
pompes funèbres,NOUN,,
pon point,NOUN,,
porte cochère,NOUN,,
porte d'entrée,NOUN,,
porte de derrière,NOUN,,
porter à croire,VERB,,
poser question,VERB,,
poser des questions,VERB,poser question,
poser la question,VERB,poser question,
poser une question,VERB,poser question,
post it,NOUN,,
post mortem,ADV,,
pour autant que,ADP,,
pour ce qui est de,ADP,,
pour cette fois,ADV,,
pour des prunes,ADP,,
pour ma part,ADP,,
pour sa part,ADP,,
pour ta part,ADP,,
pour que,SCONJ,,
pour tout,ADP,,
pour un peu,ADP,,
pour une bonne part,ADV,,
pour une fois,ADVconj,,
pour une fois que,SCONJ,,
P r,NOUN,Pr,
premier âge,NOUN,,
premier consul,NOUN,,
premier degré,NOUN,,
premier ministre,NOUN,Premier ministre,
Premier ministre,NOUN,,
premier plan,NOUN,,
prendre au sérieux,VERB,,
prendre contact,VERB,,
prendre conscience,VERB,,
prendre du plaisir,VERB,,
prendre en charge,VERB,,
prendre en exemple,VERB,,
prendre en compte,VERB,,
prendre exemple,VERB,,
prendre garde,VERB,,
prendre l'air,VERB,,
prendre la peine,VERB,,
prendre le soin de,VERB,,
prendre part,VERB,,
prendre parti,VERB,,
prendre place,VERB,,
prendre position,VERB,,
prendre ses jambes à son cou,VERB,,
prendre soin,VERB,,
près de,ADP,,
presse écrite,NOUN,,
prêt à,ADP,,
prime time,NOUN,,
prix Nobel,NOUN,,
proche de,ADP,,
procureur du roi,NOUN,,
proprement dit,ADV,,
proprement dite,ADV,,
proprement dites,ADV,,
proprement dits,ADV,,
public schools,NOUN,,
punching ball,NOUN,,
qu'est-ce que,ADV,,
quand et quand,ADP,,
quand même,ADV,,
quant à,ADP,quant à,
quant au,ADP,quant à,
quant aux,ADP,quant à,
quart d'heure,NOUN,,
quartier général,NOUN,,
que le diable l'emporte,INTJ,,
quel que soit,ADP,,
quelque chose,PRONind,,
quelque part,ADV,,
qui aime bien châtie bien,NOUN,,
qui plus est,ADVconj,,
qui que,SCONJ,,
quitte à,ADP,,
quoi qu'il en fût,ADP,,
quoi que,SCONJ,,
raison d'état,NOUN,,
raisons d'état,NOUN,raison d'état,
raison nécessaire,NOUN,,
raison suffisante,NOUN,,
raisons nécessaires,NOUN,raison nécessaire,
raisons suffisantes,NOUN,raison suffisante,
rapport sexuel,NOUN,,
rapports sexuels,NOUN,,
recto tono,ADV,,
recherche scientifique,NOUN,,
recherches scientifiques,NOUN,recherche scientifique,
rédacteur en chef,NOUN,,
rédactrice en chef,NOUN,rédacteur en chef,
règle morale,NOUN,,
règles morales,NOUN,,
reine mère,NOUN,,
relation sexuelle,NOUN,,
relations sexuelles,NOUN,,
remettre en question,VERB,,
rendez vous,NOUN,rendez-vous,
rendre compte,VERB,,
rendre grâce,VERB,,
rendre hommage,VERB,,
rendre justice,VERB,,
rendre service,VERB,,
rendre un service,VERB,,
rendre visite,VERB,,
répétition générale,NOUN,,
requiescat in pace,NOUN,,
révérende mère,NOUN,,
rhythm and blues,NOUN,,
ric et rac,ADV,,
roast beef,NOUN,,
robe de chambre,NOUN,,
rocking chair,NOUN,,
rouge à lèvres,NOUN,,
s'agir,VERB,,
s'en tenir à,VERB,s'en tenir à,
s'en tenir au,VERB,s'en tenir à,
s'en tenir aux,VERB,s'en tenir à,
s'agissant de,ADP,,
sac à dos,NOUN,,
sainte nitouche,NOUN,,
salle à manger,NOUN,,
salle de bains,NOUN,,
sans cela,CCONJ,,
sans cesse,ADV,,
sans compter,ADP,,
sans doute,ADVconj,,
sans perdre de temps,ADV,,
sans plus de,ADP,,
sans pour autant,ADP,,
sans préjudice de,ADP,,
sans que,SCONJ,,
sauf à,ADP,,
savoir bien,VERB,,
scenic railway,NOUN,,
sciences de l'homme,NOUN,,
sciences exactes,NOUN,,
science expérimentale,NOUN,,
sciences expérimentales,NOUN,science expérimentale,
sciences humaines,NOUN,,
sciences naturelles,NOUN,,
second degré,NOUN,,
secrétaire de rédaction,NOUN,,
secrétaire général,NOUN,,
sedia gestatoria,NOUN,,
self-made man,NOUN,,
sens commun,NOUN,,
sens critique,NOUN,,
sens unique,NOUN,,
se trouver,VERB,,
serrer la main,VERB,,
services sociaux,NOUN,,
si bien que,SCONJ,,
si peu que,ADP,,
signe de croix,NOUN,,
signe de la croix,NOUN,,
signe de tête,NOUN,,
sine die,ADV,,
sine qua non,ADV,,
Société des Nations,NOUN,SDN,
Société des nations,NOUN,SDN,
Son Excellence,NOUN,,
sous couleur de,ADP,,
sous couvert de,ADP,,
sous forme de,ADP,,
sous l'ombre de,ADP,,
sous la houlette de,ADP,,
sous la plume de,ADP,,
sous le couvert de,ADP,,
sous le prétexte de,ADP,,
sous le rapport de,ADP,,
sous les yeux de,ADP,,
sous peine de,ADP,,
sous prétexte de,ADP,,
sous réserve de,ADP,,
sous un nouveau jour,ADP,,
soutien gorge,NOUN,soutien-gorge,
soutien-gorge,NOUN,,
souventes fois,ADV,,
sri lankais,NOUN,,
sri lankais,ADJ,,
stabat mater,NOUN,,
statu quo,NOUN,,
story board,NOUN,,
stricto sensu,ADV,,
struggle for life,NOUN,,
sui generis,ADJ,,
suite à,ADP,suite à,
suite au,ADP,suite à,
suite aux,ADP,suite à,
supposé que,ADP,,
sur le plan,ADP,,
sur le point de,ADP,,
sursum corda,ADV,,
sus le sujet de,ADP,,
système nerveux,NOUN,,
table d'écoute,NOUN,,
table de chevet,NOUN,,
table des matières,NOUN,,
table ronde,NOUN,,
Table ronde,NOUN,table ronde,
Table Ronde,NOUN,table ronde,
taï chi,NOUN,,
talavera de la reina,NOUN,,
tandis que,SCONJ,,
tant de,DETind,,
tant et si bien que,ADP,,
tant pis,ADV,,
tant qu'à,ADP,,
tantôt à droite tantôt à gauche,ADV,,
tarte à la crème,NOUN,,
te deum,NOUN,,
téléphone portable,NOUN,,
temps à perdre,NOUN,,
tenir compte,VERB,,
tenir lieu de,VERB,,
terme à terme,ADJ,,
ne tenir pas lieu de,NOUN,tenir lieu de,
terra incognita,NOUN,,
tiers monde,NOUN,Tiers Monde,
Tiers Monde,NOUN,Tiers Monde,
toile cirée,NOUN,,
too much,ADJ,,
top models,NOUN,,
tôt ou tard,ADV,,
total général,NOUN,,
tour à tour,ADV,,
tous deux,PRONind,,
tous les deux,PRONind,,
tous les trois,PRONind,,
tout de même,ADV,,
tout de suite,ADV,,
tout le monde,NOUN,,
toutes les fois,ADV,,
toutes les fois que,SCONJ,,
traveller's chèques,NOUN,,
trésorier général,NOUN,,
triangle isocèle,NOUN,,
triangle rectangle,NOUN,,
triangles isocèles,NOUN,triangle isocèle,
triangles rectangles,NOUN,triangle rectangle,
tribunal d'instance,NOUN,,
tribunal d'instance,NOUN,,
Tribunal de Commerce,NOUN,,
tribunal de commerce,NOUN,Tribunal de Commerce,
tribunal de Commerce,NOUN,Tribunal de Commerce,
trois fois,ADV,,
trois fois par an,ADV,,
trois fois par mois,ADV,,
trois fois par semaine,ADV,,
tss tss,NOUN,,
tu autem,NOUN,,
tutti frutti,ADV,,
tutti quanti,ADV,,
ultima ratio,NOUN,,
une autre fois,ADV,,
une bonne fois,ADV,,
une bonne fois pour toutes,ADVconj,,
une bonne partie,DET,,
une fois pour toutes,ADV,,
une fois que,SCONJ,,
urbi et orbi,ADV,,
va pour,ADP,,
vade retro,ADV,,
vae soli,ADV,,
vae victis,ADV,,
valeur morale,NOUN,,
valeurs morales,NOUN,valeur morale,
valet de chambre,NOUN,,
valet de pied,NOUN,,
venir à bout,VERB,,
venir de,VERB,,
vent debout contre,ADP,,
verre à vin,NOUN,,
vice-président général,NOUN,,
vie privée,NOUN,,
vie quotidienne,NOUN,,
vieille dame,NOUN,,
vis à vis,ADV,vis-à-vis,
vis-à-vis,ADV,,
vis-à-vis de,ADP,,
Votre Excellence,NOUN,,
vouloir dire,VERB,,
vox populi,NOUN,,
vulgum pecus,NOUN,,
wait and see,NOUN,,
wall street,NOUN,,
way of life,NOUN,,
week end,NOUN,,
world music,NOUN,,
y compris,ADP,,
yom kippour,NOUN,,
yom kippur,NOUN,,
diagramme de Venn,NOUN,,
